x_mm,y_mm,z_mm,rx_deg,ry_deg,rz_deg
-4.995709838867187500e+02,-6.304426879882812500e+02,3.539282531738281250e+02,-8.862786099999999578e+01,2.634405999999999803e+00,1.276369320000000016e+02
-5.006354602284461635e+02,-6.290628761109776406e+02,3.538328269021336610e+02,-8.862654899999999714e+01,3.634119000000000099e+00,1.276609250000000060e+02
-5.016993352277315807e+02,-6.276850383569139922e+02,3.537070096475632681e+02,-8.862481599999999560e+01,4.633830999999999811e+00,1.276849720000000019e+02
-5.027622848179443054e+02,-6.263095944288178316e+02,3.535508397352713814e+02,-8.862265800000000127e+01,5.633543000000000411e+00,1.277090859999999992e+02
-5.038239852143420876e+02,-6.249369633002338560e+02,3.533643647361262765e+02,-8.862007199999999330e+01,6.633252999999999844e+00,1.277332839999999976e+02
-5.048841130126992311e+02,-6.235675630879006803e+02,3.531476414522190908e+02,-8.861705499999999347e+01,7.632963000000000164e+00,1.277575800000000044e+02
-5.059423452878186822e+02,-6.222018109243887238e+02,3.529007358995614254e+02,-8.861360200000000020e+01,8.632671000000000205e+00,1.277819899999999933e+02
-5.069983596918982016e+02,-6.208401228310374336e+02,3.526237232879765315e+02,-8.860970700000000022e+01,9.632376999999999967e+00,1.278065289999999976e+02
-5.080518345527203223e+02,-6.194829135912308402e+02,3.523166879981894795e+02,-8.860536399999999446e+01,1.063208200000000048e+01,1.278312150000000003e+02
-5.091024489716373296e+02,-6.181305966240511225e+02,3.519797235561236448e+02,-8.860056699999999807e+01,1.163178500000000071e+01,1.278560619999999943e+02
-5.101498829213196018e+02,-6.167835838583465602e+02,3.516129326044125492e+02,-8.859530700000000536e+01,1.263148499999999963e+01,1.278810890000000029e+02
-5.111938173432393455e+02,-6.154422856072543482e+02,3.512164268711330806e+02,-8.858957599999999388e+01,1.363118300000000005e+01,1.279063119999999998e+02
-5.122339342448589150e+02,-6.141071104432154470e+02,3.507903271357727704e+02,-8.858336599999999805e+01,1.463087900000000019e+01,1.279317499999999939e+02
-5.132699167964941580e+02,-6.127784650735187597e+02,3.503347631924386292e+02,-8.857666500000000553e+01,1.563057200000000080e+01,1.279574209999999965e+02
-5.143014494278240818e+02,-6.114567542164147653e+02,3.498498738103210144e+02,-8.856946299999999894e+01,1.663026199999999832e+01,1.279833430000000050e+02
-5.153282179240163714e+02,-6.101423804778344220e+02,3.493358066914229312e+02,-8.856174699999999689e+01,1.762994899999999987e+01,1.280095369999999946e+02
-5.163499095214408499e+02,-6.088357442287509684e+02,3.487927184255686370e+02,-8.855350500000000125e+01,1.862963200000000086e+01,1.280360230000000001e+02
-5.173662130029393893e+02,-6.075372434832235058e+02,3.482207744427049647e+02,-8.854472199999999305e+01,1.962931100000000129e+01,1.280628230000000087e+02
-5.183768187926262954e+02,-6.062472737771580569e+02,3.476201489625096315e+02,-8.853538399999999342e+01,2.062898699999999863e+01,1.280899579999999958e+02
-5.193814190501883559e+02,-6.049662280478233924e+02,3.469910249413223369e+02,-8.852547300000000519e+01,2.162865800000000149e+01,1.281174519999999859e+02
-5.203797077646549951e+02,-6.036944965141582315e+02,3.463335940164142812e+02,-8.851497100000000273e+01,2.262832399999999922e+01,1.281453290000000038e+02
-5.213713808476134091e+02,-6.024324665579074463e+02,3.456480564476140103e+02,-8.850386100000000056e+01,2.362798599999999993e+01,1.281736150000000123e+02
-5.223561362258359395e+02,-6.011805226056212632e+02,3.449346210563057866e+02,-8.849211999999999989e+01,2.462764200000000159e+01,1.282023360000000025e+02
-5.233336739332946763e+02,-5.999390460115553196e+02,3.441935051618211219e+02,-8.847972699999999691e+01,2.562729300000000165e+01,1.282315199999999891e+02
-5.243036962025344110e+02,-5.987084149415065895e+02,3.434249345152408068e+02,-8.846665799999999535e+01,2.662693799999999911e+01,1.282611960000000124e+02
-5.252659075553751791e+02,-5.974890042576205360e+02,3.426291432306290403e+02,-8.845288700000000404e+01,2.762657700000000105e+01,1.282913969999999892e+02
-5.262200148929176748e+02,-5.962811854042039386e+02,3.418063737137201770e+02,-8.843838700000000586e+01,2.862620899999999935e+01,1.283221540000000118e+02
-5.271657275848242534e+02,-5.950853262945802271e+02,3.409568765880794103e+02,-8.842312800000000550e+01,2.962583400000000111e+01,1.283535029999999892e+02
-5.281027575578476672e+02,-5.939017911990185894e+02,3.400809106187604129e+02,-8.840707799999999850e+01,3.062545199999999923e+01,1.283854800000000012e+02
-5.290308193835809334e+02,-5.927309406337743667e+02,3.391787426334832389e+02,-8.839020299999999963e+01,3.162506099999999876e+01,1.284181240000000059e+02
-5.299496303654015037e+02,-5.915731312512720024e+02,3.382506474413555679e+02,-8.837246600000000285e+01,3.262466200000000072e+01,1.284514780000000087e+02
-5.308589106245835865e+02,-5.904287157314652177e+02,3.372969077491636085e+02,-8.835382699999999545e+01,3.362425400000000053e+01,1.284855849999999862e+02
-5.317583831855520202e+02,-5.892980426744077249e+02,3.363178140752567629e+02,-8.833424399999999821e+01,3.462383599999999717e+01,1.285204929999999877e+02
-5.326477740602510949e+02,-5.881814564940656282e+02,3.353136646610527123e+02,-8.831366900000000442e+01,3.562340900000000232e+01,1.285562520000000006e+02
-5.335268123316049014e+02,-5.870792973134063004e+02,3.342847653801904926e+02,-8.829205399999999315e+01,3.662297000000000224e+01,1.285929169999999999e+02
-5.343952302360403337e+02,-5.859919008607927253e+02,3.332314296453581619e+02,-8.826934300000000633e+01,3.762252000000000152e+01,1.286305450000000121e+02
-5.352527632450512556e+02,-5.849195983677184358e+02,3.321539783128245062e+02,-8.824548000000000059e+01,3.862205699999999808e+01,1.286691989999999919e+02
-5.360991501457760933e+02,-5.838627164679104453e+02,3.310527395847029766e+02,-8.822039999999999793e+01,3.962158199999999653e+01,1.287089459999999974e+02
-5.369341331205656616e+02,-5.828215770978335968e+02,3.299280489089779280e+02,-8.819403499999999951e+01,4.062109199999999731e+01,1.287498579999999890e+02
-5.377574578255171218e+02,-5.817964973986257746e+02,3.287802488773244249e+02,-8.816631099999999321e+01,4.162058799999999792e+01,1.287920119999999997e+02
-5.385688734679497429e+02,-5.807877896194935374e+02,3.276096891207511135e+02,-8.813714600000000132e+01,4.262006800000000339e+01,1.288354950000000088e+02
-5.393681328827983634e+02,-5.797957610225979579e+02,3.264167262030991878e+02,-8.810645399999999938e+01,4.361953100000000205e+01,1.288803959999999904e+02
-5.401549926079026136e+02,-5.788207137894596599e+02,3.252017235124300214e+02,-8.807413800000000492e+01,4.461897499999999894e+01,1.289268150000000048e+02
-5.409292129581679092e+02,-5.778629449289114746e+02,3.239650511503330677e+02,-8.804009299999999882e+01,4.561840099999999865e+01,1.289748600000000067e+02
-5.416905580985753659e+02,-5.769227461866262274e+02,3.227070858191898424e+02,-8.800420499999999890e+01,4.661780499999999705e+01,1.290246500000000083e+02
-5.424387961160200575e+02,-5.760004039562488742e+02,3.214282107074262740e+02,-8.796634799999999643e+01,4.761718700000000126e+01,1.290763120000000015e+02
