direction,index,angle_deg,x_m,y_m,z_m,wire_vx,wire_vy,wire_vz,R00,R01,R02,R10,R11,R12,R20,R21,R22
X_PLUS,0,0.0,-0.9754656918581711,-0.8692478042750181,0.26253116852751085,-0.20590286729876023,-0.1413637903849039,-0.9683079510187667,-0.1544149288058235,-0.9539942495825444,0.2570038939886522,0.06722421232590027,0.24937622441998136,0.9660705998896755,-0.9857164577296328,0.1664526072414397,0.025624100051948383
X_PLUS,1,1.0,-0.9761420368599057,-0.8691385649396649,0.26266533150969373,-0.2228114923421263,-0.13863280700107475,-0.9649538764641952,-0.1713617666402953,-0.9510962850356354,0.2570038939886522,0.07164990298547158,0.2481408620742967,0.9660705998896755,-0.9825993264480134,0.18396186876751996,0.025624100051948383
X_PLUS,2,2.0,-0.9768156670400808,-0.8690276364484726,0.26281125186381615,-0.23965224684650166,-0.13585959472126696,-0.9613058676111348,-0.18826650555114763,-0.9478948894061141,0.2570038939886522,0.07605607691163906,0.24682598970451525,0.9660705998896755,-0.9791686249325856,0.20142544388472175,0.025624100051948383
X_PLUS,3,3.0,-0.9774863772044177,-0.8689150525913342,0.26296888514112465,-0.25642000095492407,-0.13304499829280558,-0.957365035678421,-0.2051232620754475,-0.9443905155338002,0.2570038939886522,0.08044118245056764,0.2454318891154064,0.9660705998896755,-0.9754248630835087,0.2188372499714022,0.025624100051948383
X_PLUS,4,4.0,-0.9781539630481031,-0.8688008476623831,0.26313818332499606,-0.2731096470470593,-0.1301898750690284,-0.953132581081636,-0.2219261390707749,-0.9405837481435709,0.2570038939886522,0.08480366793026227,0.2439588775477876,0.9660705998896755,-0.9713686873184213,0.23619119118590098,0.025624100051948383
X_PLUS,5,5.0,-0.978818221218022,-0.8686850564495471,0.2633190948455635,-0.28971610129503145,-0.12729509474812756,-0.9486097930674512,-0.23866922965699594,-0.9364753052214488,0.2570038939886522,0.08914198274621582,0.24240730793620058,0.9660705998896755,-0.9670008819680619,0.2534811625535875,0.025624100051948383
X_PLUS,6,6.0,-0.9794789493747009,-0.8685677142239512,0.2635115645954252,-0.3062343052120062,-0.12436153910823114,-0.9437980493209084,-0.2553466212532946,-0.9320660392317682,0.2570038939886522,0.09345457846802069,0.24077756912172527,0.9660705998896755,-0.9623223705068334,0.2707010541513214,0.025624100051948383
X_PLUS,7,7.0,-0.980135946253943,-0.8684488567291742,0.2637155339464309,-0.32265922719305506,-0.1213901017388051,-0.9386988155457655,-0.2719523997025732,-0.927356938169269,0.2570038939886522,0.09773990996467781,0.2390700860185132,0.9660705998896755,-0.9573342166119984,0.28784475538112414,0.025624100051948383
X_PLUS,8,8.0,-0.9807890117281339,-0.8683285201703602,0.2639309407675404,-0.3389858640478308,-0.11838168776845709,-0.9333136450180278,-0.2884806534749056,-0.9223491264403957,0.2570038939886522,0.10199643654623534,0.23728531973274797,0.9660705998896755,-0.9520376250456498,0.30490615932441656,0.025624100051948383
X_PLUS,9,9.0,-0.9814379468672042,-0.868206741203191,0.26415771944374933,-0.35520924252458774,-0.11533721358922563,-0.9276441781128052,-0.30492547794131947,-0.9170438655685602,0.2570038939886522,0.106222623119294,0.23542376763287745,0.9660705998896755,-0.946433942354095,0.3218791671677641,0.025624100051948383
X_PLUS,10,10.0,-0.9820825539992241,-0.8680835569227194,0.26439580089607595,-0.37132442082508255,-0.11225760657743825,-0.9216921418046387,-0.3212809797088081,-0.9114425547186273,0.2570038939886522,0.11041694135382996,0.23348596337010818,0.9660705998896755,-0.9405246573798123,0.3387576926906818,0.025624100051948383
X_PLUS,11,11.0,-0.9827226367706164,-0.8679590048520709,0.2646451126026037,-0.3873264901098935,-0.10914380481122349,-0.915459349141446,-0.3375412810071299,-0.9055467310364139,0.2570038939886522,0.11457787085870999,0.23147247684830136,0.9660705998896755,-0.9343114015816947,0.3555356668057048,0.025624100051948383
X_PLUS,12,12.0,-0.9833580002059688,-0.8678331229310124,0.26490557862057146,-0.40321057599370114,-0.1059967567847635,-0.9089476986922513,-0.3537005241176405,-0.8993580697995521,0.2570038939886522,0.11870390036320506,0.22938391414256779,0.9660705998896755,-0.9277959491598725,0.37220704214060624,0.025624100051948383
X_PLUS,13,13.0,-0.9839884507674236,-0.8677059495043968,0.2651771196095071,-0.4189718400300726,-0.1028174211193732,-0.9021591739688606,-0.3697528758341346,-0.8928783843766499,0.2570038939886522,0.12279352890175382,0.2272209173660224,0.9660705998896755,-0.920980216982016,0.38876579765237385,0.025624100051948383
X_PLUS,14,14.0,-0.9846137964136327,-0.8675775233104818,0.26545965285539486,-0.4346054811852994,-0.0996067662714952,-0.8950958428216669,-0.3856925319454316,-0.8861096259922876,0.2570038939886522,0.12684526699917958,0.2249841644843243,0.9660705998896755,-0.91386626430864,0.4052059432623103,0.025624100051948383
X_PLUS,15,14.999999999999998,-0.9852338466582543,-0.8674478834691299,0.2657530922958711,-0.45010673730083933,-0.09636577023769853,-0.8877598568097617,-0.4015137217292545,-0.8790538832960084,0.2570038939886522,0.13085763785353166,0.22267436907780067,0.9660705998896755,-0.9064562923155847,0.42152152450143154,0.025624100051948383
X_PLUS,16,16.0,-0.9858484126279773,-0.8673170694698928,0.26605734854643953,-0.46547088654391566,-0.09309542025677126,-0.8801534505455493,-0.4172107124467906,-0.871713381734106,0.2570038939886522,0.13482917851369772,0.22029228005112678,0.9660705998896755,-0.8987526434125037,0.43770662715518127,0.025624100051948383
X_PLUS,17,17.0,-0.986457307120054,-0.8671851211599819,0.266372328927699,-0.48069324884583287,-0.08979671250899815,-0.8722789410140627,-0.432777813827218,-0.8640904827236574,0.2570038939886522,0.13875844104892265,0.21783868129070946,0.9660705998896755,-0.8907578003568684,0.4537553818963707,0.025624100051948383
X_PLUS,18,18.0,-0.9870603446593236,-0.8670520787321305,0.266697937493574,-0.4957691873275716,-0.0864706518127146,-0.8641387268671875,-0.44820938253141857,-0.8561876826289165,0.2570038939886522,0.14264399370737177,0.2153143912701005,0.9660705998896755,-0.8824743851636806,0.4696619688951959,0.025624100051948383
X_PLUS,19,18.999999999999996,-0.9876573415547097,-0.8669179827123511,0.26703407506054117,-0.5106941097122264,-0.08311825131822881,-0.8557352876930087,-0.4634998265840773,-0.8480076115408398,0.2570038939886522,0.146484422060889,0.2127202626039418,0.9660705998896755,-0.8739051578117716,0.48542062239516587,0.025624100051948383
X_PLUS,20,20.0,-0.988248115955175,-0.8667828739475902,0.26738063923784133,-0.5254634697238579,-0.07974053219920695,-0.8470711832605046,-0.4786436097633962,-0.8395530318612013,0.2570038939886522,0.1502783301331251,0.21005718155112454,0.9660705998896755,-0.8650530147482669,0.5010256352438092,0.025624100051948383
X_PLUS,21,21.0,-0.988832487905114,-0.8666467935932864,0.26773752445866883,-0.5400727684723327,-0.0763385233416133,-0.8381490527398167,-0.4936352559377248,-0.830826836693403,0.2570038939886522,0.15402434150825087,0.20732606746801602,0.9660705998896755,-0.8559209871934714,0.5164713633671097,0.025624100051948383
X_PLUS,22,22.0,-0.9894102793991698,-0.866509783100834,0.2681046220123282,-0.5545175558237284,-0.07291326103030195,-0.8289716138983322,-0.5084693533385344,-0.821832048042763,0.2570038939886522,0.15772110041752058,0.2045278722127843,0.9660705998896755,-0.8465122392491317,0.5317522301767512,0.025624100051948383
X_PLUS,23,22.999999999999996,-0.9899813144364562,-0.8663718842049561,0.2684818200773485,-0.568793431755888,-0.06946578863335413,-0.8195416622728258,-0.523140558759319,-0.8125718148297154,0.2570038939886522,0.16136727280101032,0.20166357950201855,0.9660705998896755,-0.8368300658136943,0.546862730899424,0.025624100051948383
X_PLUS,24,24.0,-0.990545419074169,-0.8662331389109923,0.268869003755545,-0.582896047698709,-0.06599715628425838,-0.8098620703179127,-0.5376436016702318,-0.8030494107199948,0.2570038939886522,0.16496154734193413,0.19873420422100843,0.9660705998896755,-0.826877890308851,0.561797436817677,0.025624100051948383
X_PLUS,25,25.0,-0.9911024214805711,-0.8660935894821031,0.2692660551070187,-0.5968211078587602,-0.06250842056202963,-0.7999357865310707,-0.5519732882385125,-0.7932682317765118,0.2570038939886522,0.16850263647102304,0.1957407916892054,0.9660705998896755,-0.8166592622223043,0.5765509994120638,0.025624100051948383
X_PLUS,26,26.0,-0.9916521519873336,-0.8659532784263966,0.26967285318608153,-0.6105643705278218,-0.05900064416936504,-0.7897658345544994,-0.5661245052450652,-0.7832317939382312,0.2570038939886522,0.17198927733854996,0.19268441688254395,0.9660705998896755,-0.8061778544723203,0.5911181543946474,0.025624100051948383
X_PLUS,27,27.0,-0.9921944431412187,-0.8658122484839793,0.27008927407809796,-0.6241216493749505,-0.05547489560893436,-0.7793553122540893,-0.5800922238878887,-0.772943730331952,0.2570038939886522,0.17542023275169094,0.18956618361444433,0.9660705998896755,-0.7954374606002323,0.6054937256242888,0.025624100051948383
X_PLUS,28,28.0,-0.9927291297550879,-0.865670542613938,0.27051519093723025,-0.6374888147216777,-0.05193224885790383,-0.7687073907757822,-0.5938715034634431,-0.7624077884234521,0.2570038939886522,0.17879429207502867,0.18638722367746124,0.9660705998896755,-0.7844419917976466,0.6196726288945387,0.025624100051948383
X_PLUS,29,29.000000000000004,-0.9932560489582186,-0.8655282039812536,0.27095047402507716,-0.6506617947999478,-0.04837378304079219,-0.7578253135796092,-0.607457494917455,-0.7516278270149928,0.2570038939886522,0.18211027209213254,0.18314869594767005,0.9660705998896755,-0.7731954737756421,0.6336498755853962,0.025624100051948383
X_PLUS,30,29.999999999999996,-0.9937750402459175,-0.8653852759436523,0.27139499075019347,-0.6636365769924194,-0.04480058210075901,-0.7467123954517012,-0.620845444257123,-0.7406078130966788,0.2570038939886522,0.18536701782628284,0.17985178545400424,0.9660705998896755,-0.7617020434837799,0.6474205761706695,0.025624100051948383
X_PLUS,31,31.0,-0.9942859455284107,-0.865241802038399,0.2718486057084786,-0.6764092090547473,-0.041213734469424904,-0.7353720214945731,-0.6340306958171722,-0.7293518185596455,0.2570038939886522,0.1885634033185508,0.17649770241487045,0.9660705998896755,-0.7499659456872145,0.6609799435731841,0.025624100051948383
X_PLUS,32,32.0,-0.9947886091789997,-0.865097825969035,0.27231118072442195,-0.6889758003194739,-0.03761433273532501,-0.7238076460959891,-0.6470086953727245,-0.7178640167794695,0.2570038939886522,0.19169833236159525,0.17308768124446638,0.9660705998896755,-0.7379915294106487,0.674323296360625,0.025624100051948383
X_PLUS,33,33.0,-0.9952828780814673,-0.8649533915920657,0.27278257489319263,-0.701332522881165,-0.034003473311095704,-0.7120227918767221,-0.6597749930925058,-0.7061486790786015,0.2570038939886522,0.19477073918769472,0.16962297953131716,0.9660705998896755,-0.7257832442582723,0.6874460617753692,0.025624100051948383
X_PLUS,34,34.0,-0.9957686016767178,-0.8648085429036018,0.2732626446235603,-0.7134756127624257,-0.03038225609949679,-0.7000210486175297,-0.6723252463264736,-0.6942101710769703,0.2570038939886522,0.19777958910969295,0.16610487699162735,0.9660705998896755,-0.7133456366191973,0.7003437785922568,0.025624100051948383
X_PLUS,35,35.0,-0.9962456320086385,-0.8646633240259568,0.2737512436816346,-0.7254013710604452,-0.02675178415837049,-0.6878060721656725,-0.6846552222225503,-0.682052948940227,0.2570038939886522,0.20072387911370537,0.16253467440010835,0.9660705998896755,-0.7006833457682129,0.7130120997988679,0.025624100051948383
X_PLUS,36,36.0,-0.9967138237691695,-0.8645177791942075,0.27424822323540926,-0.7371061650737191,-0.02311316336463917,-0.6753815833213064,-0.6967608001677545,-0.6696815555353605,0.2570038939886522,0.20360263840260112,0.1589136925009997,0.9660705998896755,-0.6878010998719689,0.7254467950935048,0.025624100051948383
X_PLUS,37,37.0,-0.9971730343425649,-0.8643719527427197,0.2747534319000978,-0.7485864294086038,-0.019467502077444743,-0.6627513667040924,-0.7086379740496476,-0.6571006165036528,0.2570038939886522,0.20641492888944962,0.15524327090204612,0.9660705998896755,-0.6747037119109206,0.7376437531967265,0.025624100051948383
X_PLUS,38,37.99999999999999,-0.9976231238488356,-0.8642258890916432,0.275266715784247,-0.7598386670653707,-0.015815910800531612,-0.6499192696003637,-0.7202828543346536,-0.6443148362611202,0.2570038939886522,0.2091598456402945,0.15152476695422049,0.9660705998896755,-0.6613960755275561,0.7495989839729476,0.025624100051948383
X_PLUS,39,39.0,-0.9980639551863578,-0.864079632733381,0.27578791853661333,-0.7708594505034275,-0.012159501843976461,-0.6368892007912054,-0.7316916699604538,-0.6313289939367207,0.2570038939886522,0.21183651726579317,0.14775955462000398,0.9660705998896755,-0.647883160811563,0.7613086203592772,0.025624100051948383
X_PLUS,40,40.0,-0.9984953940736359,-0.8639332282190366,0.27631688139378946,-0.7816454226853776,-0.008499388985367881,-0.6236651293618017,-0.7428607700403043,-0.6181479392587149,0.2570038939886522,0.2144441062614348,0.14394902333304352,0.9660705998896755,-0.634170010032689,0.7727689200994479,0.025624100051948383
X_PLUS,41,40.99999999999999,-0.998917309090205,-0.8637867201448435,0.2768534432285649,-0.7921932980996085,-0.004836687130538961,-0.6102510834924149,-0.7537866253777766,-0.6047765883995949,0.2570038939886522,0.21698180929622393,0.14009457685199572,0.9660705998896755,-0.6202617333320835,0.7839762672813554,0.025624100051948383
X_PLUS,42,42.0,-0.9993295717166643,-0.8636401531385802,0.27739744059900706,-0.8024998637610895,-0.0011725119739559725,-0.5966511492313611,-0.7644658297910711,-0.5912199197900209,0.2570038939886522,0.21944885744989007,0.13619763211135671,0.9660705998896755,-0.6061635043829239,0.794927173677401,0.025624100051948383
X_PLUS,43,43.0,-0.9997320563738238,-0.8634935718459766,0.27794870779824704,-0.8125619801900781,0.002492020341132592,-0.582869469250362,-0.7748951012466856,-0.5774829699121513,0.2570038939886522,0.2218445163988501,0.13225961807204403,0.9660705998896755,-0.5918805560310707,0.8056182798874901,0.025624100051948383
X_PLUS,44,44.0,-1.000124640460958,-0.8633470209171146,0.2785070769049557,-0.8223765823684361,0.006155793562684531,-0.5689102415826459,-0.785071282802866,-0.5635708290826735,0.2570038939886522,0.2241680865513204,0.12828197457445978,0.9660705998896755,-0.5774181759264095,0.8160463562851963,0.025624100051948383
X_PLUS,45,45.0,-1.0005072043931513,-0.8632005449928265,0.27907237783449407,-0.831940680673264,0.009817691669884762,-0.5547777183441864,-0.7949913433638759,-0.5494886372357208,0.2570038939886522,0.22641890313213275,0.1242661511967137,0.9660705998896755,-0.5627817021554111,0.8262083037682361,0.025624100051948383
X_MINUS,0,0.0,-0.9754656918581711,-0.8692478042750181,0.26253116852751085,-0.20590286729876023,-0.1413637903849039,-0.9683079510187667,-0.1544149288058235,-0.9539942495825444,0.2570038939886522,0.06722421232590027,0.24937622441998136,0.9660705998896755,-0.9857164577296328,0.1664526072414397,0.025624100051948383
X_MINUS,1,1.0,-0.9747868380561163,-0.8693553211791724,0.2624088037846116,-0.18893152224738904,-0.14405171298876002,-0.971367069591248,-0.13743185799209273,-0.9565884605636381,0.2570038939886522,0.0627805555060709,0.2505318300718529,0.9660705998896755,-0.9885196438408245,0.14890372472620464,0.025624100051948383
X_MINUS,2,2.0,-0.9741056822391856,-0.8694610829014371,0.262298274554482,-0.17190262682412055,-0.14669575604537943,-0.9741303003444877,-0.12041839889545132,-0.9588787241784675,0.2570038939886522,0.05832048098106958,0.25160746715258536,0.9660705998896755,-0.9910086431033752,0.1313212655701089,0.025624100051948383
X_MINUS,3,3.0,-0.9734224318940392,-0.8695650572257673,0.2621996145053963,-0.1548213681954633,-0.14929511415363378,-0.9765968015716303,-0.1033803713509018,-0.9608649734973271,0.2570038939886522,0.05384553407762813,0.2526029581946688,0.9660705998896755,-0.9931833452486226,0.11371124929963222,0.025624100051948383
X_MINUS,4,4.0,-0.9727372951453513,-0.8696672124805764,0.2621128536901612,-0.13769294947826544,-0.15184899552386266,-0.9787658219525086,-0.08632356684082879,-0.9625472665186613,0.2570038939886522,0.04935725601269572,0.25351815971977204,0.9660705998896755,-0.9950437694326688,0.09607966699439359,0.025624100051948383
X_MINUS,5,5.0,-0.9720504806924125,-0.8697675175483843,0.2620380185369614,-0.12052258815479497,-0.1543566222190607,-0.9806367007825029,-0.06925374513122123,-0.963925784103719,0.2570038939886522,0.044857182942536517,0.2543529617819742,0.9660705998896755,-0.9965900621237198,0.07843247779311881,0.025624100051948383
X_MINUS,6,6.0,-0.9713621977455584,-0.8698659418752958,0.2619751318413096,-0.103315514483444,-0.1568172303918447,-0.9822088681737976,-0.0521766310402922,-0.9650008277965129,0.2570038939886522,0.04034684504387701,0.25510728747687317,0.9660705998896755,-0.9978224948698493,0.0607756055357505,0.025624100051948383
X_MINUS,7,7.0,-0.9706726559624423,-0.869962455480307,0.2619242127591025,-0.08607696990554149,-0.15923007051712867,-0.9834818452289756,-0.035097911343865286,-0.9657728175373169,0.2570038939886522,0.035827765628491416,0.25578109241863933,0.9660705998896755,-0.9987414619556796,0.043114935546277655,0.025624100051948383
X_MINUS,8,8.0,-0.9699820653841711,-0.8700570289644394,0.2618852768007857,-0.06881220544875943,-0.1615944076204368,-0.9844552441868945,-0.018023231821355526,-0.9662422892781,0.2570038939886522,0.031301460292472195,0.2563743641871422,0.9660705998896755,-0.9993474779566278,0.025456311560304146,0.025624100051948383
X_MINUS,9,9.0,-0.9692906363713246,-0.8701496335196933,0.26185833582662943,-0.05152648012759892,-0.16390952150178362,-0.9851287685408018,-0.0009581944456349219,-0.966409892508388,0.2570038939886522,0.026769436101294113,0.25688712174731804,0.9660705998896755,-0.9996411751994928,0.007805532800818477,0.025624100051948383
X_MINUS,10,10.0,-0.9685985795398785,-0.8702402409378241,0.2618433980431153,-0.03422505934144327,-0.16617470695505376,-0.9855022131286549,0.01609164528046692,-0.966276387700143,0.2570038939886522,0.022233190811638194,0.25731941484298443,0.9660705998896755,-0.9996233011382343,-0.009831648794928802,0.025624100051948383
X_MINUS,11,11.0,-0.9679061056970474,-0.8703288236189345,0.2618404680004369,-0.01691321327066664,-0.16838927398281486,-0.9855754641956147,0.033120780838808164,-0.9658426436802723,0.2570038939886522,0.017694212130801926,0.2576713233673333,0.9660705998896755,-0.9992947156538445,-0.027449531195084524,0.025624100051948383
X_MINUS,12,12.0,-0.9672134257770721,-0.8704153545798818,0.26184954659111365,0.00040378472871419047,-0.17055254800649727,-0.9853484994286967,0.050123757060035475,-0.965109634939397,0.2570038939886522,0.013153977014382024,0.257942956712347,0.9660705998896755,-0.9986563882872286,-0.04504246473757942,0.025624100051948383
X_MINUS,13,13.0,-0.9665207507769665,-0.870499807462497,0.2618706310497188,0.017720659731355143,-0.17266387007187728,-0.9848213879635674,0.06709517233596575,-0.9640784388854865,0.2570038939886522,0.008613951002777835,0.2581344530993962,0.9660705998896755,-0.9977093954139797,-0.06260485443796623,0.025624100051948383
X_MINUS,14,14.0,-0.9658282916922456,-0.870582156541614,0.2619037149537221,0.03503213684937806,-0.1747225970498009,-0.9839942903634855,0.08402968067958075,-0.9627502330508974,0.2570038939886522,0.0040755875969275,0.2582459788932684,0.9660705998896755,-0.9964549173698866,-0.0801311621399582,0.025624100051948383
X_MINUS,15,14.999999999999998,-0.9651362594526546,-0.8706623767329055,0.2619487882254458,0.05233294283915263,-0.17672810183208737,-0.9828674585703921,0.10092199363246081,-0.9611262922612821,0.2570038939886522,-0.0004596723264448724,0.2582777279018749,0.9660705998896755,-0.9948942355359197,-0.09761590850842856,0.025624100051948383
X_MINUS,16,16.0,-0.9644448648579176,-0.870740443600524,0.2620058371351348,0.06961780770757789,-0.1786797735225522,-0.9814412358281672,0.11776688201996172,-0.9592079857747047,0.2570038939886522,-0.004990401059922871,0.25822992066386063,0.9660705998896755,-0.9930287293913291,-0.11505367486512633,0.025624100051948383
X_MINUS,17,17.0,-0.9637543185135258,-0.8708163333645457,0.26207484430513855,0.08688146631737258,-0.1805770176230923,-0.9797160565780745,0.1345591775548997,-0.9569967743991715,0.2570038939886522,-0.00951518457081071,0.25810280372631766,0.9660705998896755,-0.9908598735433445,-0.13243910486784238,0.025624100051948383
X_MINUS,18,18.0,-0.9630648307665852,-0.8708900229082129,0.2621557887152045,0.10411865999088722,-0.1824192562147755,-0.9776924463264254,0.1512937742909554,-0.9544942075966031,0.2570038939886522,-0.014032622966966963,0.2578966489147728,0.9660705998896755,-0.9883892347417915,-0.14976690603422158,0.025624100051948383
X_MINUS,19,18.999999999999996,-0.9623766116417428,-0.8709614897849771,0.2622486457088813,0.12132413811194859,-0.18420592813388065,-0.9753710214845059,0.16796562992743339,-0.9517019205810977,0.2570038939886522,-0.01854133092327871,0.2576117525975787,0.9660705998896755,-0.9856184688867564,-0.1670318511118576,0.025624100051948383
X_MINUS,20,20.0,-0.9616898707772108,-0.8710307122253352,0.26235338700102906,0.1384926597252478,-0.18593648914283337,-0.972752489180811,0.18456976696741417,-0.9486216314191154,0.2570038939886522,-0.02303993806910858,0.2572484349467928,0.9660705998896755,-0.9825493180371997,-0.1842287792967257,0.025624100051948383
X_MINUS,21,21.0,-0.9610048173609093,-0.8710976691434614,0.2624699806864357,0.15561899513278615,-0.18761041209598595,-0.9698376470456467,0.2011012737317271,-0.9452551381389823,0.2570038939886522,-0.027527089337156842,0.25680703919757886,0.9660705998896755,-0.9791836074281989,-0.20135259730241023,0.025624100051948383
X_MINUS,22,22.0,-0.960321660066745,-0.8711623401436296,0.26259839124953493,0.17269792748689197,-0.18922718710019124,-0.966627382968164,0.21755530523152783,-0.9416043158568711,0.2570038939886522,-0.03200144527428265,0.25628793090810914,0.9660705998896755,-0.9755232425042336,-0.2183982802829589,0.025624100051948383
X_MINUS,23,22.999999999999996,-0.9596406069910478,-0.8712247055264268,0.26273857957522556,0.18972425437932286,-0.19078632167012083,-0.9631226748258994,0.23392708390260802,-0.9376711139261419,0.2570038939886522,-0.036461682314926684,0.2556914972218826,0.9660705998896755,-0.9715702059756606,-0.2353608726125483,0.025624100051948383
X_MINUS,24,24.0,-0.958961865589182,-0.8712847462947532,0.26289050296078537,0.2066927894259697,-0.1922873408782811,-0.9593245901869041,0.25021190020488165,-0.9334575531166546,0.2570038939886522,-0.040906493017869694,0.25501814613431256,0.9660705998896755,-0.9673265549052406,-0.2522354885254777,0.025624100051948383
X_MINUS,25,25.0,-0.9582856426123535,-0.8713424441596092,0.26305411512887944,0.22359836384667947,-0.1937297874996806,-0.9552342859845518,0.2664051130907848,-0.9289657228303722,0.2570038939886522,-0.045334586267146884,0.2542683057653652,0.9660705998896755,-0.9627944178312797,-0.2690173126203125,0.025624100051948383
X_MINUS,26,26.0,-0.9576121440446321,-0.8713977815456662,0.26322936624165644,0.2404358280397155,-0.19511322215110508,-0.9508530081651264,0.282502150346599,-0.9241977783592737,0.2570038939886522,-0.049744687438019096,0.2534424236399589,0.9660705998896755,-0.9579759919336399,-0.2857016002322814,0.025624100051948383
X_MINUS,27,27.0,-0.9569415750402056,-0.8714507415966203,0.26341620291592976,0.2572000531503765,-0.19643722342495815,-0.946182091308294,0.2984985088109573,-0.9191559381912867,0.2570038939886522,-0.05413553852897636,0.25254096597776043,0.9660705998896755,-0.952873540248554,-0.3022836776782947,0.025624100051948383
X_MINUS,28,28.0,-0.9562741398608889,-0.871501308180327,0.2636145682394384,0.273885932633295,-0.19770138801762585,-0.9412229582205772,0.3143897544750134,-0.9138424813696343,0.2570038939886522,-0.05850589826081681,0.2515644169939334,0.9660705998896755,-0.9474893889378582,-0.3187589423791778,0.025624100051948383
X_MINUS,29,29.000000000000004,-0.9556100418139031,-0.8715494658937151,0.26382440178818334,0.2904883838079408,-0.19890533085232698,-0.935977119501955,0.33017152246896225,-0.9082597449106711,0.2570038939886522,-0.06285454214390851,0.25051327821231806,0.9660705998896755,-0.9418259246179239,-0.3351228628639361,0.025624100051948383
X_MINUS,30,29.999999999999996,-0.9549494831899465,-0.8715952000674784,0.2640456396448328,0.30700234940685445,-0.20004868519641134,-0.9304461730857185,0.3458395169397778,-0.902410121284957,0.2570038939886522,-0.06718026251479667,0.249388067792438,0.9660705998896755,-0.9358855917532357,-0.3513709786610493,0.025624100051948383
X_MINUS,31,31.0,-0.9542926652015751,-0.8716384967705447,0.2642782144181925,0.32342279911614025,-0.20113110277306967,-0.9246318037517256,0.3613895108251944,-0.896296055965994,0.2570038939886522,-0.07148186854337182,0.24818931987164702,0.9660705998896755,-0.9296708901192265,-0.36749890008196334,0.025624100051948383
X_MINUS,32,32.0,-0.9536397879219107,-0.8716793428143188,0.2645220552637335,0.3397447311077484,-0.20215225386742267,-0.9185357826132006,0.3768173455290938,-0.889920045050721,0.2570038939886522,-0.07575818621185858,0.2469175839236485,0.9660705998896755,-0.9231843723386446,-0.38350230790209183,0.025624100051948383
X_MINUS,33,33.0,-0.9529910502236976,-0.8717177257567001,0.26477708790517207,0.35596317356308,-0.20311182742695474,-0.9121599665772356,0.39211893050358027,-0.8832846329555372,0.2570038939886522,-0.0800080582669255,0.2455734241345323,0.9660705998896755,-0.9164286414953893,-0.39937695294476255,0.025624100051948383
X_MINUS,34,34.0,-0.9523466497187226,-0.8717536339058725,0.2650432346570952,0.37207318618745167,-0.20400953115626416,-0.9055062977791591,0.4072902427431217,-0.8763924101913015,0.2570038939886522,-0.08423034414625212,0.24415741879739505,0.9660705998896755,-0.909406348829418,-0.4151186555736502,0.025624100051948383
X_MINUS,35,35.0,-0.9517067826976224,-0.8717870563238659,0.2653204144486238,0.3880698617149564,-0.2048450916060986,-0.8985768029909428,0.422327326196214,-0.8692460112204291,0.2570038939886522,-0.08842391988091704,0.2426701597265222,0.9660705998896755,-0.9021201915159918,-0.43072330509931545,0.025624100051948383
X_MINUS,36,36.0,-0.95107164407009,-0.871817982829888,0.2656085428481085,0.40394832740326586,-0.20561825425665095,-0.8913735930038265,0.43722629110008815,-0.8618481123988905,0.2570038939886522,-0.09258767797499837,0.24111225169202957,0.9660705998896755,-0.8945729105322042,-0.44618685910554196,0.025624100051948383
X_MINUS,37,37.0,-0.9504414273055042,-0.8718464040034255,0.2659075320888475,0.41970374651791303,-0.2063287835950879,-0.8838988619853512,0.45198331324401586,-0.8542014300056113,0.2570038939886522,-0.09672052726379472,0.23948431187578065,0.9660705998896755,-0.886767288613408,-0.4615053427012003,0.025624100051948383
X_MINUS,38,37.99999999999999,-0.9498163243739963,-0.8718723111871135,0.2662172910958217,0.43533131980560913,-0.20697646318729004,-0.8761548868109947,0.4665946331668088,-0.8463087183614504,0.2570038939886522,-0.10082139275209395,0.237786969349312,0.9660705998896755,-0.8787061483018422,-0.47667484770340945,0.025624100051948383
X_MINUS,39,39.0,-0.949196525687975,-0.8718956964893732,0.266537725513437,0.45082628695614335,-0.20756109574377923,-0.8681440263706125,0.48105655529410707,-0.8381727680396431,0.2570038939886522,-0.10488921543392624,0.23602086457442287,0.9660705998896755,-0.8703923500894429,-0.49169153175777247,0.025624100051948383
X_MINUS,40,40.0,-0.948582220044124,-0.8719165527868146,0.2668687377342656,0.4661839280524185,-0.20808250317981547,-0.859868720849898,0.4953654470210509,-0.8297964041693023,0.2570038939886522,-0.1089229520952442,0.23418664892700386,0.9660705998896755,-0.8618287906565268,-0.506551617401461,0.025624100051948383
X_MINUS,41,40.99999999999999,-0.9479735945658934,-0.8719348737264077,0.26721022692877844,0.48139956500818354,-0.2085405266696426,-0.8513314909870772,0.5095177377459211,-0.8211824848332728,0.2570038939886522,-0.11292157510097987,0.232284984244605,0.9660705998896755,-0.8530184012077304,-0.5212513910749161,0.025624100051948383
X_MINUS,42,42.0,-0.9473708346464997,-0.8719506537274166,0.2675620890760588,0.4964685629930251,-0.20893502669486874,-0.8425349373050681,0.5235099178602939,-0.8123338995613676,0.2570038939886522,-0.1168840721679243,0.2303165423981658,0.9660705998896755,-0.843964145906301,-0.5357872020878959,0.025624100051948383
X_MINUS,43,43.0,-0.9467741238924535,-0.8719638879831005,0.267924216995488,0.5113863318441799,-0.20926588308696456,-0.8334817393193371,0.5373385377012189,-0.8032535679197357,0.2570038939886522,-0.1208094461248739,0.22828200488826056,0.9660705998896755,-0.8346690204075607,-0.5501554615455624,0.025624100051948383
X_MINUS,44,44.0,-0.9461836440676309,-0.8719745724621767,0.2682965003793939,0.5261483274647444,-0.209532995063868,-0.8241746547216903,0.5510002064708845,-0.7939444381968503,0.2570038939886522,-0.12469671466148238,0.22618206246613695,0.9660705998896755,-0.8251360504920844,-0.5643526412402553,0.025624100051948383
X_MINUS,45,45.0,-0.9455995750379067,-0.8719827039100493,0.26867882582665126,0.5407500532078496,-0.20973628126068322,-0.8146165185402561,0.5644915911291557,-0.7844094861863564,0.2570038939886522,-0.1285449100672438,0.22401741477975953,0.9660705998896755,-0.8153682907988747,-0.5783752725145236,0.025624100051948383
Y_PLUS,0,0.0,-0.9754656918581711,-0.8692478042750181,0.26253116852751085,-0.20590286729876023,-0.1413637903849039,-0.9683079510187667,-0.1544149288058235,-0.9539942495825444,0.2570038939886522,0.06722421232590027,0.24937622441998136,0.9660705998896755,-0.9857164577296328,0.1664526072414397,0.025624100051948383
Y_PLUS,1,1.0,-0.9748582050391301,-0.8689469542397147,0.2623643616916273,-0.19071569682273587,-0.1338425395023197,-0.972478121915855,-0.1414352902426271,-0.9560047369906979,0.2570038939886522,0.06382882517292726,0.2502668118345829,0.9660705998896755,-0.987887614939588,0.15304073230842832,0.025624100051948383
Y_PLUS,2,2.0,-0.9742483944661389,-0.8686444734150476,0.2622094039060055,-0.17547043249795488,-0.12628051888564126,-0.9763520665564005,-0.12849061313124158,-0.9578304447092018,0.2570038939886522,0.06043766261098406,0.2511073176291832,0.9660705998896755,-0.9898673907525586,0.13966371834248603,0.025624100051948383
Y_PLUS,3,3.0,-0.9736364458934053,-0.8683404539396061,0.262066342372288,-0.16017171817961473,-0.11868003199960342,-0.9799286048993382,-0.11558005025535756,-0.9594739446476067,0.2570038939886522,0.05705056997712107,0.2518984487726914,0.9660705998896755,-0.9916584515085094,0.1263207071238643,0.025624100051948383
Y_PLUS,4,4.0,-0.9730225457263927,-0.8680349884206675,0.26193522066840386,-0.14482421400429885,-0.11104339402613922,-0.9832066474964419,-0.10270268649122188,-0.960937644523387,0.2570038939886522,0.053667370050840414,0.25264087044781325,0.9660705998896755,-0.993263294187051,0.11301076903205194,0.025624100051948383
Y_PLUS,5,5.0,-0.9724068809650388,-0.8677281699059881,0.2618160787352942,-0.12943259497045356,-0.10337293115915315,-0.9861851958241817,-0.08985754526964057,-0.9622237889559705,0.2570038939886522,0.0502878648019911,0.2533352061645978,0.9660705998896755,-0.9946842474935306,0.09973290973774193,0.025624100051948383
Y_PLUS,6,6.0,-0.9717896391467943,-0.8674200918554595,0.2617089528647462,-0.11400154951433858,-0.09567097989593992,-0.9888633425878828,-0.07704359472736685,-0.9633344606034577,0.2570038939886522,0.046911837057260444,0.25398203789385515,0.9660705998896755,-0.9959234729914735,0.08648607657380142,0.025624100051948383
Y_PLUS,7,7.0,-0.9711710082894961,-0.8671108481126405,0.2616138756883376,-0.0985357780818837,-0.0879398863254648,-0.9912402719980974,-0.06425975356971737,-0.9642715813223103,0.2570038939886522,0.043539052090527795,0.2545819062146031,0.9660705998896755,-0.9969829662608172,0.07326916460769999,0.025624100051948383
Y_PLUS,8,8.0,-0.9705511768340962,-0.8668005328761709,0.2615308761674975,-0.0830399916968876,-0.08018200541372214,-0.9933152600191013,-0.05150489666613317,-0.9650369133323764,0.2570038939886522,0.040169259142369816,0.2551353104702596,0.9660705998896755,-0.9978645580635501,0.060081022437735325,0.025624100051948383
Y_PLUS,9,9.0,-0.9699303335872604,-0.8664892406710776,0.2614599795846838,-0.06751891052599415,-0.07239970028638995,-0.9950876745894424,-0.03877786040021871,-0.9656320603715739,0.2570038939886522,0.03680219287401174,0.2556427089288225,0.9660705998896755,-0.9985699155003847,0.04692045773521982,0.025624100051948383
Y_PLUS,10,10.0,-0.969308667663856,-0.8661770663199819,0.26140120753568263,-0.05197726244088411,-0.06459534150899886,-0.9965569758144727,-0.02607744779557025,-0.966058468826364,0.2570038939886522,0.03343757476100953,0.2561045189427639,0.9660705998896755,-0.9991005431439677,0.03378624255457437,0.025624100051948383
Y_PLUS,11,11.0,-0.9686863684293455,-0.8658641049142154,0.2613545779230293,-0.03641978157811954,-0.05677130636483499,-0.9977227161308057,-0.013402433438454002,-0.9663174288258477,0.2570038939886522,0.030075114431927893,0.2565211171048284,0.9660705998896755,-0.9994577841358955,0.020677118433028482,0.025624100051948383
Y_PLUS,12,12.0,-0.9680636254421039,-0.8655504517848538,0.2613201049505556,-0.020851206897079894,-0.04892997813079643,-0.9985845404426483,-0.0007515682181262881,-0.9664100752888927,0.2570038939886522,0.026714510957251015,0.25689283939634744,0.9660705998896755,-0.9996428212364298,0.007591801301359304,0.025624100051948383
Y_PLUS,13,13.0,-0.9674406283956779,-0.8652362024736789,0.26129779911906287,-0.005276280736429245,-0.04107374535142384,-0.9991421862299664,0.011876416094686107,-0.966337388915184,0.2570038939886522,0.023355454093730788,0.25721998132508733,0.9660705998896755,-0.9996566778173502,-0.005471013773170781,0.025624100051948383
Y_PLUS,14,14.0,-0.9668175670610029,-0.8649214527040751,0.26128766722312347,0.010300252630446233,-0.033205001111326904,-0.9993954836284512,0.024482802410903594,-0.966100197112483,0.2570038939886522,0.019997625489341957,0.2575027980500225,0.9660705998896755,-0.9995002187898194,-0.018512647990794415,0.025624100051948383
Y_PLUS,15,14.999999999999998,-0.9661946312285972,-0.8646062983518711,0.26128971234901105,0.025873648440589647,-0.025326142306227456,-0.9993443554812613,0.03706888400783314,-0.9656991748536825,0.2570038939886522,0.016640699853978806,0.25774150449078315,0.9660705998896755,-0.9991741514604867,-0.03153443434951921,0.025624100051948383
Y_PLUS,16,16.0,-0.9655720106507497,-0.8642908354161356,0.2613039338737605,0.041439162886774406,-0.017439568912841624,-0.9989888173625258,0.049635960315809614,-0.965134845458497,0.2570038939886522,0.013284346100994283,0.25793627541986347,0.9660705998896755,-0.9986790263103539,-0.044537713281345814,0.025624100051948383
Y_PLUS,17,17.0,-0.9649498949837202,-0.8639751599899349,0.26133032746535756,0.056992054562513744,-0.009547683257824013,-0.9983289775725994,0.062185332787254154,-0.9644075812957964,0.2570038939886522,0.009928228464651717,0.2580872455359937,0.9660705998896755,-0.9980152376921367,-0.05752382837429725,0.025624100051948383
Y_PLUS,18,18.0,-0.9643284737299671,-0.8636593682310618,0.26136888508405853,0.07252758590633879,-0.00165288928599569,-0.9973650371050746,0.07471830082888165,-0.963517604403736,0.2570038939886522,0.006572007598533578,0.2581945095173936,0.9660705998896755,-0.9971830244430405,-0.07049412216034878,0.025624100051948383
Y_PLUS,19,18.999999999999996,-0.9637079361804245,-0.8633435563327451,0.2614195949848393,0.08804102464490626,0.006242408171921121,-0.9960972895855557,0.08723615777798067,-0.9624649870259202,0.2570038939886522,0.0032153416599300204,0.2582581220539105,0.9660705998896755,-0.9961824704109912,-0.08344993194953822,0.025624100051948383
Y_PLUS,20,20.0,-0.963088471356841,-0.8630278204943485,0.2614824417209728,0.10352764523449443,0.014135804131837182,-0.9945261211822176,0.09974018690385328,-0.9612496520629039,0.2570038939886522,-0.0001421126147838556,0.25827809785734324,0.9660705998896755,-0.9950135048934708,-0.09639258569069822,0.025624100051948383
Y_PLUS,21,21.0,-0.9624702679542028,-0.8627122568920669,0.26155740614873446,0.11898273030044934,0.02202489418887807,-0.9926520104881768,0.11223165741564067,-0.9598713734393832,0.2570038939886522,-0.0035006988387817073,0.2582544116495259,0.9660705998896755,-0.9936759029891882,-0.10932339783938898,0.025624100051948383
Y_PLUS,22,22.0,-0.9618535142832549,-0.8623969616496304,0.26164446543323333,0.13440157207414305,0.02990727524978909,-0.9904755283757052,0.12471182045787298,-0.9583297763884585,0.2570038939886522,-0.00686075990243119,0.258186998128031,0.9660705998896755,-0.9921692858638815,-0.12224366521371685,0.025624100051948383
Y_PLUS,23,22.999999999999996,-0.9612383982131405,-0.8620820308090243,0.261743593055368,0.14977947382700577,0.037780546264940734,-0.9879973378223386,0.13718190507516048,-0.956624337655393,0.2570038939886522,-0.010222636894944691,0.258075751909622,0.9660705998896755,-0.9904931209326312,-0.13515466281880165,0.025624100051948383
Y_PLUS,24,24.0,-0.9606251071141729,-0.8617675603012335,0.2618547588199045,0.1651117513011945,0.04564230895971172,-0.985218193708926,0.14964311412750284,-0.9547543856243306,0.2570038939886522,-0.013586668015015624,0.25792052745187305,0.9660705998896755,-0.988646721962134,-0.14805763962070592,0.025624100051948383
Y_PLUS,25,25.0,-0.9600138278007622,-0.8614536459170209,0.261977928864674,0.18039373413646337,0.05349016856502664,-0.9821389425896868,0.16209662013772372,-0.9527191003725055,0.2570038939886522,-0.01695318746540032,0.2577211389536482,0.9660705998896755,-0.9866292490974965,-0.16095381425066707,0.025624100051948383
Y_PLUS,26,26.0,-0.9594047464745087,-0.8611403832777489,0.2621130656708879,0.19562076729280095,0.061321734546825685,-0.9787605224343413,0.17454356105254856,-0.950517513657568,0.2570038939886522,-0.0203225243263775,0.257477360235432,0.9660705998896755,-0.9844397088192345,-0.1738443706204739,0.025624100051948383
Y_PLUS,27,27.0,-0.9587980486674847,-0.8608278678062522,0.26226012807456567,0.21078821246840018,0.0691346213342448,-0.9750839623423961,0.18698503589883278,-0.9481485088447811,0.2570038939886522,-0.023695001402983848,0.2571889246007985,0.9660705998896755,-0.9820769538373381,-0.18673045342981132,0.025624100051948383
Y_PLUS,28,28.0,-0.9581939191857195,-0.8605161946977706,0.26241907127907466,0.2258914495125304,0.07692644904628344,-0.9711103822296709,0.19942210031642546,-0.9456108207820251,0.2570038939886522,-0.027070934040886053,0.25685552468062006,0.9660705998896755,-0.9795396829304771,-0.19961316354636582,0.025624100051948383
Y_PLUS,29,29.000000000000004,-0.9575925420529056,-0.8602054588909523,0.26258984686877507,0.2409258778328794,0.08469484421673933,-0.9668409924871612,0.2118557619491181,-0.9429030356317813,0.2570038939886522,-0.030450628905706094,0.25647681226194624,0.9660705998896755,-0.9768264407397077,-0.21249355323943864,0.025624100051948383
Y_PLUS,30,29.999999999999996,-0.9569941004543432,-0.8598957550389343,0.2627724028237679,0.255886917796939,0.09243744051718933,-0.9622770936123408,0.22428697567509373,-0.9400235906705691,0.2570038939886522,-0.033834382720571626,0.25605239810382663,0.9660705998896755,-0.9739356175273794,-0.2253726212477681,0.025624100051948383
Y_PLUS,31,31.0,-0.9563987766811405,-0.8595871774805101,0.26296668353574076,0.2707700121270056,0.10015187947779629,-0.9574200758130186,0.23671663865825426,-0.9369707740676906,0.2570038939886522,-0.03722248095661588,0.25558185174271864,0.9660705998896755,-0.9708654489133764,-0.23825130766221594,0.025624100051948383
Y_PLUS,32,32.0,-0.9558067520746859,-0.859279820211393,0.26317262982490686,0.28557062728837024,0.10783581120572124,-0.9522714185838672,0.24914558520178068,-0.9337427246566005,0.2570038939886522,-0.04061519647110493,0.25506470129050823,0.9660705998896755,-0.967614015602335,-0.25113048860393666,0.025624100051948383
Y_PLUS,33,33.0,-0.9552182069714096,-0.858973776855585,0.2633901789580313,0.3002842548702781,0.11548689510092401,-0.9468326902557549,0.26157458138528256,-0.9303374317137755,0.2570038939886522,-0.044012788087827825,0.25450043322858723,0.9660705998896755,-0.9641792431170929,-0.26401097067863977,0.025624100051948383
Y_PLUS,34,34.0,-0.9546333206478513,-0.8586691406368566,0.2636192646675409,0.3149064129592336,0.12310280056913236,-0.9411055475180162,0.2740043194669151,-0.9267527347616203,0.2570038939886522,-0.04741549911434541,0.25388849220187226,0.9660705998896755,-0.9605589015553446,-0.2768934851875672,0.025624100051948383
Y_PLUS,35,35.0,-0.9540522712660513,-0.8583660043503514,0.26385981717170914,0.3294326475042346,0.13068120773176367,-0.9350917349138097,0.2864354120319153,-0.9229863234137202,0.2570038939886522,-0.050823555790664866,0.25322828081712323,0.9660705998896755,-0.9567506053883114,-0.2897786820758691,0.025624100051948383
Y_PLUS,36,36.0,-0.95347523581928,-0.8580644603343186,0.26411176319591306,0.3438585336735203,0.1382198081325827,-0.9287930843087112,0.2988683858691379,-0.91903573728264,0.2570038939886522,-0.05423716566388846,0.25251915945042774,0.9660705998896755,-0.9527518133221915,-0.302667123599184,0.025624100051948383
Y_PLUS,37,37.0,-0.952902390078124,-0.8577646004419868,0.26437502599495305,0.3581796772024166,0.1457163054408791,-0.9222115143327116,0.3113036755573629,-0.9148983659724974,0.2570038939886522,-0.05765651588338144,0.2517604460692585,0.9660705998896755,-0.948559828245254,-0.31555927768941006,0.025624100051948383
Y_PLUS,38,37.99999999999999,-0.9523339085369458,-0.8574665160135838,0.2646495253764302,0.3723917157318724,0.15316841615095267,-0.9153490297957829,0.3237416167434384,-0.9105714491806858,0.2570038939886522,-0.06108177141102173,0.25095141607509275,0.9660705998896755,-0.9441717972856616,-0.32845551100094417,0.025624100051948383
Y_PLUS,39,39.0,-0.9517699643607296,-0.8571702978485143,0.2649351777251738,0.386490320137277,0.1605738702776909,-0.908207721077193,0.3361824390947137,-0.9060520769354259,0.2570038939886522,-0.06451307314113526,0.2500913021732047,0.9660705998896755,-0.9395847120074996,-0.34135608161905084,0.025624100051948383
Y_PLUS,40,40.0,-0.9512107293323346,-0.8568760361777008,0.2652318960287112,0.40047119584715185,0.1679304120480286,-0.9007897634887574,0.34862625890873117,-0.901337189998267,0.2570038939886522,-0.06795053592479032,0.24917929427690497,0.9660705998896755,-0.934795408775009,-0.3542611314125381,0.025624100051948383
Y_PLUS,41,40.99999999999999,-0.9506563738001679,-0.8565838206360988,0.26553958990377285,0.41433008415132,0.17523580058807794,-0.8930974166122168,0.36107307136382716,-0.8964235804632552,0.2570038939886522,-0.07139424649323435,0.24821453945421074,0.9660705998896755,-0.9298005693177199,-0.367170678013607,0.025624100051948383
Y_PLUS,42,42.0,-0.9501070666262947,-0.8562937402353931,0.26585816562382364,0.4280627634981502,0.18248781060572097,-0.8851330236109469,0.3735227423951285,-0.8913078925872318,0.2570038939886522,-0.0748442612754031,0.24719614192568182,0.9660705998896755,-0.9245967215320211,-0.38008460640858116,0.025624100051948383
Y_PLUS,43,43.0,-0.9495629751350014,-0.8560058833368838,0.26618752614761315,0.4416650507804817,0.18968423306845428,-0.8768990105162093,0.38597500018148667,-0.885986623888629,0.2570038939886522,-0.07830060410463402,0.2461231631229617,0.9660705998896755,-0.9191802405577215,-0.3930026601243012,0.025624100051948383
Y_PLUS,44,44.0,-0.9490242650618271,-0.8557203376245707,0.26652757114873527,0.45513280260984,0.19682287587628255,-0.8683978854881569,0.39842942623017924,-0.8804561265551849,0.2570038939886522,-0.08176326380997301,0.24499462181840523,0.9660705998896755,-0.9135473501713148,-0.4059244319962729,0.025624100051948383
Y_PLUS,45,45.0,-0.9484911005030786,-0.8554371900784439,0.2668781970461885,0.46846191657855285,0.2039015645294529,-0.8596322380518255,0.41088544604775257,-0.874712609204194,0.2570038939886522,-0.08523219168778744,0.2438094943370723,0.9660705998896755,-0.9076941245409909,-0.4188493545062377,0.025624100051948383
Y_MINUS,0,0.0,-0.9754656918581711,-0.8692478042750181,0.26253116852751085,-0.20590286729876023,-0.1413637903849039,-0.9683079510187667,-0.1544149288058235,-0.9539942495825444,0.2570038939886522,0.06722421232590027,0.24937622441998136,0.9660705998896755,-0.9857164577296328,0.1664526072414397,0.025624100051948383
Y_MINUS,1,1.0,-0.9760706698768918,-0.8695469318791226,0.262709773602678,-0.22102731776677953,-0.1488419804875151,-0.9638428241395883,-0.16743030133517695,-0.9517962453537425,0.2570038939886522,0.0706239543407862,0.24843480654303088,0.9660705998896755,-0.9833510824055072,0.17990012292504234,0.025624100051948383
Y_MINUS,2,2.0,-0.9766729548131274,-0.8698442459348622,0.26290012251229267,-0.23608444117266733,-0.15627483188100513,-0.959084101399222,-0.18048209849416938,-0.9494078210115032,0.2570038939886522,0.0740281551701159,0.2474417674341013,0.9660705998896755,-0.9807884809505311,0.19338397330512563,0.025624100051948383
Y_MINUS,3,3.0,-0.9772723632050516,-0.8701396558774954,0.263102157274233,-0.2510696509707726,-0.16366008044683594,-0.9540332323507131,-0.19357092157040895,-0.9468259062768891,0.2570038939886522,0.07743689042497899,0.24639627438358808,0.9660705998896755,-0.9780254732488785,0.20690475870031444,0.025624100051948383
Y_MINUS,4,4.0,-0.9778687124670618,-0.870433071722292,0.2633158163467534,-0.2659783825210259,-0.17099547656675185,-0.9486917555377027,-0.20669727455306583,-0.9440472632061406,0.2570038939886522,0.08085020525024408,0.24529745277885792,0.9660705998896755,-0.9750587064394267,0.22046297760213573,0.025624100051948383
Y_MINUS,5,5.0,-0.9784618209453956,-0.8707244040919434,0.2635410346472306,-0.2808060944793728,-0.17827878580803513,-0.9430612980257723,-0.2198615557917405,-0.9410684856903375,0.2570038939886522,0.08426811209339932,0.2441443862000864,0.9660705998896755,-0.9718846544570244,0.23405901804347995,0.025624100051948383
Y_MINUS,6,6.0,-0.9790515079734652,-0.8710135642437874,0.2637777435719886,-0.2955482701811116,-0.1855077896041359,-0.9371435749068231,-0.2330640492163761,-0.9378859991691614,0.2570038939886522,0.08769058836257297,0.242936116585057,0.9660705998896755,-0.9684996177983203,0.2476931485145185,0.025624100051948383
Y_MINUS,7,7.0,-0.9796375939268892,-0.8713004640968407,0.26402587101719577,-0.31020041901671286,-0.192680285930469,-0.9309403887766438,-0.2463049150986692,-0.9344960605978535,0.2570038939886522,0.09111757396961183,0.24167164447385,0.9660705998896755,-0.9648997235527275,0.2613655084061362,0.025624100051948383
Y_MINUS,8,8.0,-0.9802199002782088,-0.8715850162586288,0.26428534140082866,-0.32475807779970267,-0.19979408997517176,-0.924453629185821,-0.2595841803365323,-0.9308947587099631,0.2570038939886522,0.0945489687544812,0.24034992934525024,0.9660705998896755,-0.9610809257427155,0.27507609796209653,0.025624100051948383
Y_MINUS,9,9.0,-0.9807982496512684,-0.8718671340518067,0.26455607568569495,-0.3392168121261926,-0.20684703480461933,-0.9176852720641648,-0.2729017282445512,-0.927078014622182,0.2570038939886522,0.09798462978772282,0.2389698900576504,0.9660705998896755,-0.957039006021437,0.28882476772262405,0.025624100051948383
Y_MINUS,10,10.0,-0.9813724658752464,-0.8721467315405617,0.26483799140350867,-0.35357221772564174,-0.21383697202349314,-0.9106373791188209,-0.2862572878351058,-0.923041582831434,0.2570038939886522,0.10142436854827105,0.23753040540820688,0.9660705998896755,-0.9527695747796914,0.30261120744389797,0.025624100051948383
Y_MINUS,11,11.0,-0.9819423740383183,-0.8724237235567901,0.26513100268001133,-0.3678199218024407,-0.2207617724292034,-0.9033120972062553,-0.2996504225769258,-0.9187810526584337,0.2570038939886522,0.10486794797459843,0.23603031482502315,0.9660705998896755,-0.948268072718399,0.31643493448015664,0.025624100051948383
Y_MINUS,12,12.0,-0.982507800540937,-0.8726980257260405,0.26543502026112953,-0.3819555843679071,-0.22761932666046436,-0.8957116576782997,-0.3130805186203881,-0.9142918501961277,0.2570038939886522,0.10831507938794996,0.23446841920818406,0.9660705998896755,-0.9435297729470814,0.33029528161776217,0.025624100051948383
Y_MINUS,13,13.0,-0.9830685731487122,-0.872969554493215,0.26574995154016307,-0.39597489956228815,-0.23440754583982665,-0.8878383757024616,-0.3265467724818661,-0.9095692408257581,0.2570038939886522,0.1117654192873437,0.2328434819365294,0.9660705998896755,-0.9385497836733013,0.34419138435371543,0.025624100051948383
Y_MINUS,14,14.0,-0.9836245210448754,-0.8732382271480207,0.26607570058599345,-0.4098735969663676,-0.2411243622099692,-0.8796946495567012,-0.3400481781829911,-0.904608332367715,0.2570038939886522,0.11521856601707986,0.23115423005813768,0.9660705998896755,-0.9333230515525676,0.3581221676148115,0.025624100051948383
Y_MINUS,15,14.999999999999998,-0.9841754748823117,-0.8735039618501643,0.26641216817230584,-0.42364744290227635,-0.24776772976355846,-0.8712829598988925,-0.35358351384481485,-0.89940407893884,0.2570038939886522,0.11867405630872135,0.22939935568357,0.9660705998896755,-0.9278443657728316,0.3720863319179296,0.025624100051948383
Y_MINUS,16,16.0,-0.9847212668351452,-0.8737666776542812,0.2667592518078139,-0.43729224172311215,-0.25433562486648187,-0.8626058690111907,-0.3671513277416479,-0.8939512855923496,0.2570038939886522,0.12213136170090501,0.2275775176019928,0.9660705998896755,-0.922108362952331,0.3860823389769337,0.025624100051948383
Y_MINUS,17,17.0,-0.9852617306498597,-0.8740262945345926,0.26711684576748,-0.45080383709097405,-0.2608260468742664,-0.8536660200195376,-0.3807499238248338,-0.8882446138210199,0.2570038939886522,0.12558988484192385,0.22568734314133557,0.9660705998896755,-0.9161095329341222,0.40010839676736626,0.025624100051948383
Y_MINUS,18,18.0,-0.9857967016959417,-0.8742827334092818,0.26748484112472,-0.46417811324302316,-0.2672370187414944,-0.8444661360885382,-0.3943773467329927,-0.8822785880086371,0.2570038939886522,0.12904895568180744,0.2237274302946278,0.9660705998896755,-0.9098422255651141,0.4141624440666342,0.025624100051948383
Y_MINUS,19,18.999999999999996,-0.9863260170160281,-0.8745359161645831,0.26786312578458316,-0.4774109962451841,-0.2735665876240306,-0.835009019591959,-0.40803136631234765,-0.8760476029188987,0.2570038939886522,0.132507827562625,0.2216963501355768,0.9660705998896755,-0.9033006585516876,0.428242134494745,0.025624100051948383
Y_MINUS,20,20.0,-0.9868495153755449,-0.874785765678577,0.2682515845178976,-0.49049845523310465,-0.2798128254738775,-0.8252975512590981,-0.42170946167874,-0.8695459323148472,0.2570038939886522,0.1359656732179674,0.21959264954726407,0.9660705998896755,-0.8964789264879639,0.44234482008893866,0.025624100051948383
Y_MINUS,21,21.0,-0.9873670373118205,-0.875032205844681,0.26865009899637005,-0.5034365036399959,-0.2859738296264773,-0.8153346892972867,-0.43540880486185973,-0.8627677388054311,0.2570038939886522,0.13942158069503155,0.21741485428852708,0.9660705998896755,-0.8893710111563485,0.45646753445481963,0.025624100051948383
Y_MINUS,22,22.0,-0.9878784251826599,-0.8752751615948332,0.26905854782862987,-0.5162212004109795,-0.29204772338028223,-0.8051234684907909,-0.44912624408213453,-0.855707085018784,0.2570038939886522,0.14287454921545006,0.2151614724231189,0.9660705998896755,-0.8819707932030159,0.4706069755468684,0.025624100051948383
Y_MINUS,23,22.999999999999996,-0.9883835232143635,-0.8755145589223585,0.2694768065972061,-0.5288486512035709,-0.2980326565684157,-0.7946669992763866,-0.46285828672167684,-0.8483579462041619,0.2570038939886522,0.1463234849939852,0.2128309981370609,0.9660705998896755,-0.874272065293344,0.484759488142562,0.025624100051948383
Y_MINUS,24,24.0,-0.9888821775491781,-0.875750324904512,0.2699047478964259,-0.5413150095739337,-0.3039268061222512,-0.7839684667958907,-0.47660108206269103,-0.84071422436601,0.2570038939886522,0.14976719703744,0.21042191596968046,0.9660705998896755,-0.8662685468538153,0.49892104608676013,0.025624100051948383
Y_MINUS,25,25.0,-0.9893742362921625,-0.8759823877246914,0.2703422413712241,-0.5536164781485442,-0.30972837662673686,-0.7730311299259357,-0.4903504038798415,-0.8327697640341812,0.2570038939886522,0.15320439294963534,0.2079327054836164,0.9660705998896755,-0.85795390050737,0.513087234396567,0.025624100051948383
Y_MINUS,26,26.0,-0.989859549557457,-0.8762106766943137,0.27078915375685014,-0.5657493097809072,-0.31543560086729583,-0.7618583202852846,-0.5041016329872354,-0.8245183697736954,0.2570038939886522,0.15663367477204881,0.20536184639851354,0.9660705998896755,-0.8493217503084486,0.5272532313315123,0.025624100051948383
Y_MINUS,27,27.0,-0.9903379695139397,-0.8764351222743474,0.271245348919462,-0.5777098086929744,-0.3210467403681373,-0.7504534412199872,-0.5178497398558904,-0.8159538255354013,0.2570038939886522,0.16005353489369845,0.2027078242121756,0.9660705998896755,-0.8403657018817571,0.5414137905496216,0.025624100051948383
Y_MINUS,28,28.0,-0.9908093504302572,-0.8766556560964944,0.271710687897594,-0.5894943316009131,-0.32656008592181307,-0.7388199667666885,-0.5315892674337621,-0.8070699159452703,0.2570038939886522,0.16346235206806492,0.19996913633153152,0.9660705998896755,-0.8310793645649084,0.5555632234866845,0.025624100051948383
Y_MINUS,29,29.000000000000004,-0.9912735487192161,-0.8768722109840162,0.2721850289444854,-0.6010992888248865,-0.33197395810985847,-0.726961440594403,-0.5453143143175279,-0.7978604496245405,0.2570038939886522,0.16685838757924445,0.1971442987338393,0.9660705998896755,-0.8214563756492849,0.5696953821136947,0.025624100051948383
Y_MINUS,30,29.999999999999996,-0.9917304229815209,-0.8770847209721964,0.27266822757125836,-0.612521145382504,-0.3372867078143596,-0.7148814749250788,-0.5590185184432372,-0.7883192846253336,0.2570038939886522,0.17023978160407988,0.19423185317603753,0.9660705998896755,-0.8114904268054697,0.583803642245922,0.025624100051948383
Y_MINUS,31,31.0,-0.9921798340488452,-0.8772931213284336,0.2731601365909303,-0.6237564220656127,-0.34249671672029086,-0.7025837494332802,-0.5726950414814905,-0.77844035605638,0.2570038939886522,0.17360454982167375,0.1912303749669927,0.9660705998896755,-0.8011752927691466,0.5978808875961833,0.025624100051948383
Y_MINUS,32,32.0,-0.9926216450262245,-0.8774973485719607,0.2736606061632486,-0.6348016965000959,-0.3476023978084689,-0.6900720101253224,-0.5863365541417801,-0.7682177059608903,0.2570038939886522,0.17695058032638683,0.18813848131351962,0.9660705998896755,-0.7905048623501935,0.6119194947844279,0.025624100051948383
Y_MINUS,33,33.0,-0.9930557213337552,-0.8776973404931809,0.2741694838403334,-0.6456536041883632,-0.35260219583897445,-0.677350068198203,-0.5999352226097684,-0.7576455154931212,0.2570038939886522,0.1802756309050877,0.18495484024641046,0.9660705998896755,-0.7794731718115386,0.6259113195354333,0.025624100051948383
Y_MINUS,34,34.0,-0.9934819307475891,-0.8778930361726177,0.2746866146131146,-0.6563088395342077,-0.3574945878248933,-0.6644217988786726,-0.6134826963602749,-0.7467181394215601,0.2570038939886522,0.1835773267439589,0.18167818012723594,0.9660705998896755,-0.7680744406449603,0.639847684315931,0.025624100051948383
Y_MINUS,35,35.0,-0.9939001434402096,-0.8780843759994712,0.2752118409585493,-0.6667641568497236,-0.36227808349623275,-0.6512911402428057,-0.6269700976072041,-0.7354301429647024,0.2570038939886522,0.18685315863447022,0.17830729973033677,0.9660705998896755,-0.7563031097481582,0.6537193676814183,0.025624100051948383
Y_MINUS,36,36.0,-0.9943102320199797,-0.8782713016897769,0.2757450028876047,-0.6770163713439736,-0.3669512257538728,-0.6379620920164217,-0.6403880126691566,-0.7237763409398774,0.2570038939886522,0.19010048175208438,0.17484107888716557,0.9660705998896755,-0.7441538819809204,0.6675165956208535,0.025624100051948383
Y_MINUS,37,37.0,-0.994712071569945,-0.8784537563041585,0.27628593799399226,-0.6870623600931075,-0.3715125911134118,-0.6244387143567319,-0.6537264855455007,-0.7117518391764069,0.2570038939886522,0.19331651508472406,0.17127848967193837,0.9660705998896755,-0.7316217650479145,0.6812290352038012,0.025624100051948383
Y_MINUS,38,37.99999999999999,-0.9951055396858861,-0.8786316842651729,0.2768344815036385,-0.6968990629916343,-0.37596079013877426,-0.6107251266155755,-0.6669750140116883,-0.6993520781114316,0.2570038939886522,0.19649834159084595,0.16761860809841445,0.9660705998896755,-0.7187021166214521,0.6948457908488562,0.025624100051948383
Y_MINUS,39,39.0,-0.9954905165136032,-0.8788050313742398,0.2773904663248765,-0.7065234836845612,-0.38029446786544663,-0.5968255060846248,-0.6801225485539499,-0.6865728784500227,0.2570038939886522,0.1996429091689814,0.16386062628755105,0.9660705998896755,-0.7053906915795145,0.7083554035436603,0.025624100051948383
Y_MINUS,40,40.0,-0.9958668847854252,-0.8789737448281504,0.27795372309934385,-0.7159326904801111,-0.3845123042132119,-0.5827440867229421,-0.6931574944715055,-0.6734104887307997,0.2570038939886522,0.2027470325216188,0.16000386505481765,0.9660705998896755,-0.6916836911924862,0.7217458533548116,0.025624100051948383
Y_MINUS,41,40.99999999999999,-0.9962345298559305,-0.8791377732351523,0.2785240802535705,-0.725123817242745,-0.38861301438825946,-0.5684851578672752,-0.7060677174783766,-0.6598616345943633,0.2570038939886522,0.20580739599615008,0.15604778685417656,0.9660705998896755,-0.677577814046593,0.7350045655697441,0.025624100051948383
Y_MINUS,42,42.0,-0.9965933397368693,-0.8792970666306038,0.27910136405124225,-0.7340940642662147,-0.3925953492745457,-0.5540530629254821,-0.7188405531360009,-0.6459235695047814,0.2570038939886522,0.20882055748407596,0.15199200900324453,0.9660705998896755,-0.6630703084433567,0.7481184208114111,0.025624100051948383
Y_MINUS,43,43.0,-0.9969432051312759,-0.8794515764921934,0.2796853986461219,-0.74284069912638,-0.39645809581428626,-0.5394521980534897,-0.7314628204413659,-0.6315941266245529,0.2570038939886522,0.21178295345657439,0.14783631710108677,0.9660705998896755,-0.648159025962898,0.7610737694595414,0.025624100051948383
Y_MINUS,44,44.0,-0.997284019466762,-0.8796012557547206,0.2802760061356144,-0.7513610575135319,-0.400200077377466,-0.5246870108161792,-0.74392083988254,-0.6168717714915524,0.2570038939886522,0.21469090520969927,0.14358067853664208,0.9660705998896755,-0.6328424758253007,0.7738564506985979,0.025624100051948383
Y_MINUS,45,45.0,-0.9976156789279794,-0.879746058824432,0.28087300661495684,-0.7596525440439672,-0.40382015412025135,-0.509761998832617,-0.7562004562535233,-0.6017556550931888,0.2570038939886522,0.2175406263857097,0.13922525597216798,0.9660705998896755,-0.6171198796292956,0.7864518164915454,0.025624100051948383
